{
   "Mob":{
      "Entity Name":"Mob",
      "Entity Class":"class net.minecraft.entity.EntityLiving"
   },
   "Creeper":{
      "Entity Name":"Creeper",
      "Entity Class":"class net.minecraft.entity.monster.EntityCreeper"
   },
   "MushroomCow":{
      "Entity Name":"MushroomCow",
      "Entity Class":"class net.minecraft.entity.passive.EntityMooshroom"
   },
   "Chicken":{
      "Entity Name":"Chicken",
      "Entity Class":"class net.minecraft.entity.passive.EntityChicken"
   },
   "Sheep":{
      "Entity Name":"Sheep",
      "Entity Class":"class net.minecraft.entity.passive.EntitySheep"
   },
   "Giant":{
      "Entity Name":"Giant",
      "Entity Class":"class net.minecraft.entity.monster.EntityGiantZombie"
   },
   "EntityHorse":{
      "Entity Name":"EntityHorse",
      "Entity Class":"class net.minecraft.entity.passive.EntityHorse"
   },
   "LavaSlime":{
      "Entity Name":"LavaSlime",
      "Entity Class":"class net.minecraft.entity.monster.EntityMagmaCube"
   },
   "WitherBoss":{
      "Entity Name":"WitherBoss",
      "Entity Class":"class net.minecraft.entity.boss.EntityWither"
   },
   "PigZombie":{
      "Entity Name":"PigZombie",
      "Entity Class":"class net.minecraft.entity.monster.EntityPigZombie"
   },
   "Slime":{
      "Entity Name":"Slime",
      "Entity Class":"class net.minecraft.entity.monster.EntitySlime"
   },
   "Silverfish":{
      "Entity Name":"Silverfish",
      "Entity Class":"class net.minecraft.entity.monster.EntitySilverfish"
   },
   "Spider":{
      "Entity Name":"Spider",
      "Entity Class":"class net.minecraft.entity.monster.EntitySpider"
   },
   "Blaze":{
      "Entity Name":"Blaze",
      "Entity Class":"class net.minecraft.entity.monster.EntityBlaze"
   },
   "Pig":{
      "Entity Name":"Pig",
      "Entity Class":"class net.minecraft.entity.passive.EntityPig"
   },
   "CaveSpider":{
      "Entity Name":"CaveSpider",
      "Entity Class":"class net.minecraft.entity.monster.EntityCaveSpider"
   },
   "Wolf":{
      "Entity Name":"Wolf",
      "Entity Class":"class net.minecraft.entity.passive.EntityWolf"
   },
   "Bat":{
      "Entity Name":"Bat",
      "Entity Class":"class net.minecraft.entity.passive.EntityBat"
   },
   "VillagerGolem":{
      "Entity Name":"VillagerGolem",
      "Entity Class":"class net.minecraft.entity.monster.EntityIronGolem"
   },
   "EnderDragon":{
      "Entity Name":"EnderDragon",
      "Entity Class":"class net.minecraft.entity.boss.EntityDragon"
   },
   "Monster":{
      "Entity Name":"Monster",
      "Entity Class":"class net.minecraft.entity.monster.EntityMob"
   },
   "SnowMan":{
      "Entity Name":"SnowMan",
      "Entity Class":"class net.minecraft.entity.monster.EntitySnowman"
   },
   "Witch":{
      "Entity Name":"Witch",
      "Entity Class":"class net.minecraft.entity.monster.EntityWitch"
   },
   "Ozelot":{
      "Entity Name":"Ozelot",
      "Entity Class":"class net.minecraft.entity.passive.EntityOcelot"
   },
   "Villager":{
      "Entity Name":"Villager",
      "Entity Class":"class net.minecraft.entity.passive.EntityVillager"
   },
   "Enderman":{
      "Entity Name":"Enderman",
      "Entity Class":"class net.minecraft.entity.monster.EntityEnderman"
   },
   "Squid":{
      "Entity Name":"Squid",
      "Entity Class":"class net.minecraft.entity.passive.EntitySquid"
   },
   "Zombie":{
      "Entity Name":"Zombie",
      "Entity Class":"class net.minecraft.entity.monster.EntityZombie"
   },
   "Cow":{
      "Entity Name":"Cow",
      "Entity Class":"class net.minecraft.entity.passive.EntityCow"
   },
   "Ghast":{
      "Entity Name":"Ghast",
      "Entity Class":"class net.minecraft.entity.monster.EntityGhast"
   },
   "Skeleton":{
      "Entity Name":"Skeleton",
      "Entity Class":"class net.minecraft.entity.monster.EntitySkeleton"
   }
}